Amanda Martinez,7777777777,amandam@example.com
Matthew Thompson,8888888888,matthewt@example.com
Jessica Rodriguez,5554443333,jessicar@example.com
Daniel Davis,2223334444,danield@example.com
Lauren Garcia,1111111111,laureng@example.com
Brian Hernandez,9999999999,brianh@example.com
Ashley Daniel,8889997722,ashleyl@example.com
Steven Perez,7778889999,stevenp@example.com
Nicole john,6663339999,nicolea@example.com
Andrew Lewis,5552221111,andrewl@example.com
Stephanie Hill,2225558888,stephanieh@example.com
Brandon King,1118882222,brandonk@example.com
Rachel Black,9996663333,rachelw@example.comxx
Patrick Scott,8883334444,patricksc@example.com
Samantha Green,7774445555,samanthag@example.com
Jonathan Baker,6661112222,jonathanb@example.com
Melissa Nelson,5557778888,melissan@example.com
Kevin Carter,4449991111,kevinc@example.com
Heather Rivera,3336669999,heatherr@example.com
Joshua john,2229998888,joshuaw@example.com
Rebecca Collins,1114447777,rebeccac@example.com
Jason affleck,9996663333,jasona@example.com
Jennifer Perez,8883331111,jenniferp@example.com
Timothy Bailey,7779995555,timothyb@example.com
Christina Mitchell,6662228888,christinam@example.com
Scott Turner,5557773333,scottt@example.com
Lisa Adams,4449992222,lisaa@example.com
Adam Rodriguez,3336669999,adamr@example.com
Amy Young,2228884444,amyy@example.com
Eric Martinez,1114447777,ericm@example.com
Kimberly Hernandez,9996663333,kimberlyh@example.com
Jeremy Smith,8883331111,jeremys@example.com
Amanda Martinez,7777777777,amandam@example.com
Matthew Thompson,8888888888,matthewt@example.com
Jessica Rodriguez,5554443333,jessicar@example.com
Daniel Davis,2223334444,danield@example.com
Lauren Garcia,1111111111,laureng@example.com
Brian Hernandez,9999999999,brianh@example.com
Ashley Daniel,8889997722,ashleyl@example.com
Steven Perez,7778889999,stevenp@example.com
Nicole john,6663339999,nicolea@example.com
Andrew Lewis,5552221111,andrewl@example.com
Stephanie Hill,2225558888,stephanieh@example.com
Brandon King,1118882222,brandonk@example.com
Rachel Black,9996663333,rachelw@example.comxx
Patrick Scott,8883334444,patricksc@example.com
Samantha Green,7774445555,samanthag@example.com
Jonathan Baker,6661112222,jonathanb@example.com
Melissa Nelson,5557778888,melissan@example.com
Kevin Carter,4449991111,kevinc@example.com
Heather Rivera,3336669999,heatherr@example.com
Joshua john,2229998888,joshuaw@example.com
Rebecca Collins,1114447777,rebeccac@example.com
Jason affleck,9996663333,jasona@example.com
Jennifer Perez,8883331111,jenniferp@example.com
Timothy Bailey,7779995555,timothyb@example.com
Christina Mitchell,6662228888,christinam@example.com
Scott Turner,5557773333,scottt@example.com
Lisa Adams,4449992222,lisaa@example.com
Adam Rodriguez,3336669999,adamr@example.com
Amy Young,2228884444,amyy@example.com
Eric Martinez,1114447777,ericm@example.com
Kimberly Hernandez,9996663333,kimberlyh@example.com
Jeremy Smith,8883331111,jeremys@example.com
Amanda Martinez,7777777777,amandam@example.com
Matthew Thompson,8888888888,matthewt@example.com
Jessica Rodriguez,5554443333,jessicar@example.com
Daniel Davis,2223334444,danield@example.com
Lauren Garcia,1111111111,laureng@example.com
Brian Hernandez,9999999999,brianh@example.com
Ashley Daniel,8889997722,ashleyl@example.com
Steven Perez,7778889999,stevenp@example.com
Nicole john,6663339999,nicolea@example.com
Andrew Lewis,5552221111,andrewl@example.com
Stephanie Hill,2225558888,stephanieh@example.com
Brandon King,1118882222,brandonk@example.com
Rachel Black,9996663333,rachelw@example.comxx
Patrick Scott,8883334444,patricksc@example.com
Samantha Green,7774445555,samanthag@example.com
Jonathan Baker,6661112222,jonathanb@example.com
Melissa Nelson,5557778888,melissan@example.com
Kevin Carter,4449991111,kevinc@example.com
Heather Rivera,3336669999,heatherr@example.com
Joshua john,2229998888,joshuaw@example.com
Rebecca Collins,1114447777,rebeccac@example.com
Jason affleck,9996663333,jasona@example.com
Jennifer Perez,8883331111,jenniferp@example.com
Timothy Bailey,7779995555,timothyb@example.com
Christina Mitchell,6662228888,christinam@example.com
Scott Turner,5557773333,scottt@example.com
Lisa Adams,4449992222,lisaa@example.com
Adam Rodriguez,3336669999,adamr@example.com
Amy Young,2228884444,amyy@example.com
Eric Martinez,1114447777,ericm@example.com
Kimberly Hernandez,9996663333,kimberlyh@example.com
Jeremy Smith,8883331111,jeremys@example.com
Amanda Martinez,7777777777,amandam@example.com
Matthew Thompson,8888888888,matthewt@example.com
Jessica Rodriguez,5554443333,jessicar@example.com
Daniel Davis,2223334444,danield@example.com
Lauren Garcia,1111111111,laureng@example.com
Brian Hernandez,9999999999,brianh@example.com
Ashley Daniel,8889997722,ashleyl@example.com
Steven Perez,7778889999,stevenp@example.com
Nicole john,6663339999,nicolea@example.com
Andrew Lewis,5552221111,andrewl@example.com
Stephanie Hill,2225558888,stephanieh@example.com
Brandon King,1118882222,brandonk@example.com
Rachel Black,9996663333,rachelw@example.comxx
Patrick Scott,8883334444,patricksc@example.com
Samantha Green,7774445555,samanthag@example.com
Jonathan Baker,6661112222,jonathanb@example.com
Melissa Nelson,5557778888,melissan@example.com
Kevin Carter,4449991111,kevinc@example.com
Heather Rivera,3336669999,heatherr@example.com
Joshua john,2229998888,joshuaw@example.com
Rebecca Collins,1114447777,rebeccac@example.com
Jason affleck,9996663333,jasona@example.com
Jennifer Perez,8883331111,jenniferp@example.com
Timothy Bailey,7779995555,timothyb@example.com
Christina Mitchell,6662228888,christinam@example.com
Scott Turner,5557773333,scottt@example.com
Lisa Adams,4449992222,lisaa@example.com
Adam Rodriguez,3336669999,adamr@example.com
Amy Young,2228884444,amyy@example.com
Eric Martinez,1114447777,ericm@example.com
Kimberly Hernandez,9996663333,kimberlyh@example.com
Jeremy Smith,8883331111,jeremys@example.com
Amanda Martinez,7777777777,amandam@example.com
Matthew Thompson,8888888888,matthewt@example.com
Jessica Rodriguez,5554443333,jessicar@example.com
Daniel Davis,2223334444,danield@example.com
Lauren Garcia,1111111111,laureng@example.com
Brian Hernandez,9999999999,brianh@example.com
Ashley Daniel,8889997722,ashleyl@example.com
Steven Perez,7778889999,stevenp@example.com
Nicole john,6663339999,nicolea@example.com
Andrew Lewis,5552221111,andrewl@example.com
Stephanie Hill,2225558888,stephanieh@example.com
Brandon King,1118882222,brandonk@example.com
Rachel Black,9996663333,rachelw@example.comxx
Patrick Scott,8883334444,patricksc@example.com
Samantha Green,7774445555,samanthag@example.com
Jonathan Baker,6661112222,jonathanb@example.com
Melissa Nelson,5557778888,melissan@example.com
Kevin Carter,4449991111,kevinc@example.com
Heather Rivera,3336669999,heatherr@example.com
Joshua john,2229998888,joshuaw@example.com
Rebecca Collins,1114447777,rebeccac@example.com
Jason affleck,9996663333,jasona@example.com
Jennifer Perez,8883331111,jenniferp@example.com
Timothy Bailey,7779995555,timothyb@example.com
Christina Mitchell,6662228888,christinam@example.com
Scott Turner,5557773333,scottt@example.com
Lisa Adams,4449992222,lisaa@example.com
Adam Rodriguez,3336669999,adamr@example.com
Amy Young,2228884444,amyy@example.com
Eric Martinez,1114447777,ericm@example.com
Kimberly Hernandez,9996663333,kimberlyh@example.com
Jeremy Smith,8883331111,jeremys@example.com
Amanda Martinez,7777777777,amandam@example.com
Matthew Thompson,8888888888,matthewt@example.com
Jessica Rodriguez,5554443333,jessicar@example.com
Daniel Davis,2223334444,danield@example.com
Lauren Garcia,1111111111,laureng@example.com
Brian Hernandez,9999999999,brianh@example.com
Ashley Daniel,8889997722,ashleyl@example.com
Steven Perez,7778889999,stevenp@example.com
Nicole john,6663339999,nicolea@example.com
Andrew Lewis,5552221111,andrewl@example.com
Stephanie Hill,2225558888,stephanieh@example.com
Brandon King,1118882222,brandonk@example.com
Rachel Black,9996663333,rachelw@example.comxx
Patrick Scott,8883334444,patricksc@example.com
Samantha Green,7774445555,samanthag@example.com
Jonathan Baker,6661112222,jonathanb@example.com
Melissa Nelson,5557778888,melissan@example.com
Kevin Carter,4449991111,kevinc@example.com
Heather Rivera,3336669999,heatherr@example.com
Joshua john,2229998888,joshuaw@example.com
Rebecca Collins,1114447777,rebeccac@example.com
Jason affleck,9996663333,jasona@example.com
Jennifer Perez,8883331111,jenniferp@example.com
Timothy Bailey,7779995555,timothyb@example.com
Christina Mitchell,6662228888,christinam@example.com
Scott Turner,5557773333,scottt@example.com
Lisa Adams,4449992222,lisaa@example.com
Adam Rodriguez,3336669999,adamr@example.com
Amy Young,2228884444,amyy@example.com
Eric Martinez,1114447777,ericm@example.com
Kimberly Hernandez,9996663333,kimberlyh@example.com
Jeremy Smith,8883331111,jeremys@example.com
Amanda Martinez,7777777777,amandam@example.com
Matthew Thompson,8888888888,matthewt@example.com
Jessica Rodriguez,5554443333,jessicar@example.com
Daniel Davis,2223334444,danield@example.com
Lauren Garcia,1111111111,laureng@example.com
Brian Hernandez,9999999999,brianh@example.com
Ashley Daniel,8889997722,ashleyl@example.com
Steven Perez,7778889999,stevenp@example.com
Nicole john,6663339999,nicolea@example.com
Andrew Lewis,5552221111,andrewl@example.com
Stephanie Hill,2225558888,stephanieh@example.com
Brandon King,1118882222,brandonk@example.com
Rachel Black,9996663333,rachelw@example.comxx
Patrick Scott,8883334444,patricksc@example.com
Samantha Green,7774445555,samanthag@example.com
Jonathan Baker,6661112222,jonathanb@example.com
Melissa Nelson,5557778888,melissan@example.com
Kevin Carter,4449991111,kevinc@example.com
Heather Rivera,3336669999,heatherr@example.com
Joshua john,2229998888,joshuaw@example.com
Rebecca Collins,1114447777,rebeccac@example.com
Jason affleck,9996663333,jasona@example.com
Jennifer Perez,8883331111,jenniferp@example.com
Timothy Bailey,7779995555,timothyb@example.com
Christina Mitchell,6662228888,christinam@example.com
Scott Turner,5557773333,scottt@example.com
Lisa Adams,4449992222,lisaa@example.com
Adam Rodriguez,3336669999,adamr@example.com
Amy Young,2228884444,amyy@example.com
Eric Martinez,1114447777,ericm@example.com
Kimberly Hernandez,9996663333,kimberlyh@example.com
Jeremy Smith,8883331111,jeremys@example.com
Amanda Martinez,7777777777,amandam@example.com
Matthew Thompson,8888888888,matthewt@example.com
Jessica Rodriguez,5554443333,jessicar@example.com
Daniel Davis,2223334444,danield@example.com
Lauren Garcia,1111111111,laureng@example.com
Brian Hernandez,9999999999,brianh@example.com
Ashley Daniel,8889997722,ashleyl@example.com
Steven Perez,7778889999,stevenp@example.com
Nicole john,6663339999,nicolea@example.com
Andrew Lewis,5552221111,andrewl@example.com
Stephanie Hill,2225558888,stephanieh@example.com
Brandon King,1118882222,brandonk@example.com
Rachel Black,9996663333,rachelw@example.comxx
Patrick Scott,8883334444,patricksc@example.com
Samantha Green,7774445555,samanthag@example.com
Jonathan Baker,6661112222,jonathanb@example.com
Melissa Nelson,5557778888,melissan@example.com
Kevin Carter,4449991111,kevinc@example.com
Heather Rivera,3336669999,heatherr@example.com
Joshua john,2229998888,joshuaw@example.com
Rebecca Collins,1114447777,rebeccac@example.com
Jason affleck,9996663333,jasona@example.com
Jennifer Perez,8883331111,jenniferp@example.com
Timothy Bailey,7779995555,timothyb@example.com
Christina Mitchell,6662228888,christinam@example.com
Scott Turner,5557773333,scottt@example.com
Lisa Adams,4449992222,lisaa@example.com
Adam Rodriguez,3336669999,adamr@example.com
Amy Young,2228884444,amyy@example.com
Eric Martinez,1114447777,ericm@example.com
Kimberly Hernandez,9996663333,kimberlyh@example.com
Jeremy Smith,8883331111,jeremys@example.com
Captain Glory,11111111,glory@gmail.com
